Users:, Last Name, Middle Initial,Test2,  Test3,Test4,Qhua5,Cl6,lu ga7,lu bang8,Test10
Passwords1:, Jackson, B.,Huawei123, Huawei@123, Huawei@123, Huawei@123, Huawei@123, Huawei@123, Huawei@123, Huawei@123
Passwords2:, Jackson, B.,Huawei124, Huawei@124, Huawei@124, Huawei@124, Huawei@124, Huawei@124, Huawei@124, Huawei@124
Passwords3:, Jackson, B.,Huawei125, Huawei@125, Huawei@125, Huawei@125, Huawei@125, Huawei@125, Huawei@125, Huawei@125
Passwords4:, Jackson, B.,Huawei126, Huawei@126, Huawei@126, Huawei@126, Huawei@126, Huawei@126, Huawei@126, Huawei@126
Passwords5:, Jackson, B.,Huawei127, Huawei@127, Huawei@127, Huawei@127, Huawei@127, Huawei@127, Huawei@127, Huawei@127
Passwords6:, Jackson, B.,Huawei128, Huawei@128, Huawei@128, Huawei@128, Huawei@128, Huawei@128, Huawei@128, Huawei@128
Passwords7:, Jackson, B.,Huawei129, Huawei@129, Huawei@129, Huawei@129, Huawei@129, Huawei@129, Huawei@129, Huawei@129
Passwords8:, Jackson, B.,Huawei130, Huawei@130, Huawei@130, Huawei@130, Huawei@130, Huawei@130, Huawei@130, Huawei@130
Passwords9:, Jackson, B.,Huawei131, Huawei@131, Huawei@131, Huawei@131, Huawei@131, Huawei@131, Huawei@131, Huawei@131
Passwords10:, Jackson, B.,Huawei132, Huawei@132, Huawei@132, Huawei@132, Huawei@132, Huawei@132, Huawei@132, Huawei@132
Passwords11:, Jackson, B.,Huawei133, Huawei@133, Huawei@133, Huawei@133, Huawei@133, Huawei@133, Huawei@133, Huawei@133
Passwords12:, Jackson, B.,Huawei134, Huawei@134, Huawei@134, Huawei@134, Huawei@134, Huawei@134, Huawei@134, Huawei@134
Passwords13:, Jackson, B.,Huawei135, Huawei@135, Huawei@135, Huawei@135, Huawei@135, Huawei@135, Huawei@135, Huawei@135
Passwords14:, Jackson, B.,Huawei136, Huawei@136, Huawei@136, Huawei@136, Huawei@136, Huawei@136, Huawei@136, Huawei@136
Passwords15:, Jackson, B.,Huawei137, Huawei@137, Huawei@137, Huawei@137, Huawei@137, Huawei@137, Huawei@137, Huawei@137
Passwords16:, Jackson, B.,Huawei138, Huawei@138, Huawei@138, Huawei@138, Huawei@138, Huawei@138, Huawei@138, Huawei@138
Passwords17:, Jackson, B.,Huawei139, Huawei@139, Huawei@139, Huawei@139, Huawei@139, Huawei@139, Huawei@139, Huawei@139
Passwords18:, Jackson, B.,Huawei140, Huawei@140, Huawei@140, Huawei@140, Huawei@140, Huawei@140, Huawei@140, Huawei@140
Passwords19:, Jackson, B.,Huawei141, Huawei@141, Huawei@141, Huawei@141, Huawei@141, Huawei@141, Huawei@141, Huawei@141
Passwords20:, Jackson, B.,Huawei142, Huawei@142, Huawei@142, Huawei@142, Huawei@142, Huawei@142, Huawei@142, Huawei@142
Passwords21:, Jackson, B.,Huawei143, Huawei@143, Huawei@143, Huawei@143, Huawei@143, Huawei@143, Huawei@143, Huawei@143
Passwords22:, Jackson, B.,Huawei144, Huawei@144, Huawei@144, Huawei@144, Huawei@144, Huawei@144, Huawei@144, Huawei@144
Passwords23:, Jackson, B.,Huawei145, Huawei@145, Huawei@145, Huawei@145, Huawei@145, Huawei@145, Huawei@145, Huawei@145
Passwords24:, Jackson, B.,Huawei146, Huawei@146, Huawei@146, Huawei@146, Huawei@146, Huawei@146, Huawei@146, Huawei@146
Passwords25:, Jackson, B.,Huawei147, Huawei@147, Huawei@147, Huawei@147, Huawei@147, Huawei@147, Huawei@147, Huawei@147
Passwords26:, Jackson, B.,Huawei148, Huawei@148, Huawei@148, Huawei@148, Huawei@148, Huawei@148, Huawei@148, Huawei@148
Passwords27:, Jackson, B.,Huawei149, Huawei@149, Huawei@149, Huawei@149, Huawei@149, Huawei@149, Huawei@149, Huawei@149
Passwords28:, Jackson, B.,Huawei150, Huawei@150, Huawei@150, Huawei@150, Huawei@150, Huawei@150, Huawei@150, Huawei@150
Passwords29:, Jackson, B.,Huawei151, Huawei@151, Huawei@151, Huawei@151, Huawei@151, Huawei@151, Huawei@151, Huawei@151
Passwords30:, Jackson, B.,Huawei152, Huawei@152, Huawei@152, Huawei@152, Huawei@152, Huawei@152, Huawei@152, Huawei@152
Passwords31:, Jackson, B.,Huawei153, Huawei@153, Huawei@153, Huawei@153, Huawei@153, Huawei@153, Huawei@153, Huawei@153
Passwords32:, Jackson, B.,Huawei154, Huawei@154, Huawei@154, Huawei@154, Huawei@154, Huawei@154, Huawei@154, Huawei@154
Passwords33:, Jackson, B.,Huawei155, Huawei@155, Huawei@155, Huawei@155, Huawei@155, Huawei@155, Huawei@155, Huawei@155
Passwords34:, Jackson, B.,Huawei156, Huawei@156, Huawei@156, Huawei@156, Huawei@156, Huawei@156, Huawei@156, Huawei@156
Passwords35:, Jackson, B.,Huawei157, Huawei@157, Huawei@157, Huawei@157, Huawei@157, Huawei@157, Huawei@157, Huawei@157
Passwords36:, Jackson, B.,Huawei158, Huawei@158, Huawei@158, Huawei@158, Huawei@158, Huawei@158, Huawei@158, Huawei@158
Passwords37:, Jackson, B.,Huawei159, Huawei@159, Huawei@159, Huawei@159, Huawei@159, Huawei@159, Huawei@159, Huawei@159
Passwords38:, Jackson, B.,Huawei160, Huawei@160, Huawei@160, Huawei@160, Huawei@160, Huawei@160, Huawei@160, Huawei@160
Passwords39:, Jackson, B.,Huawei161, Huawei@161, Huawei@161, Huawei@161, Huawei@161, Huawei@161, Huawei@161, Huawei@161
Passwords40:, Jackson, B.,Huawei162, Huawei@162, Huawei@162, Huawei@162, Huawei@162, Huawei@162, Huawei@162, Huawei@162
Passwords41:, Jackson, B.,Huawei163, Huawei@163, Huawei@163, Huawei@163, Huawei@163, Huawei@163, Huawei@163, Huawei@163
Passwords42:, Jackson, B.,Huawei164, Huawei@164, Huawei@164, Huawei@164, Huawei@164, Huawei@164, Huawei@164, Huawei@164
Passwords43:, Jackson, B.,Huawei165, Huawei@165, Huawei@165, Huawei@165, Huawei@165, Huawei@165, Huawei@165, Huawei@165
Passwords44:, Jackson, B.,Huawei166, Huawei@166, Huawei@166, Huawei@166, Huawei@166, Huawei@166, Huawei@166, Huawei@166
Passwords45:, Jackson, B.,Huawei167, Huawei@167, Huawei@167, Huawei@167, Huawei@167, Huawei@167, Huawei@167, Huawei@167
Passwords46:, Jackson, B.,Huawei168, Huawei@168, Huawei@168, Huawei@168, Huawei@168, Huawei@168, Huawei@168, Huawei@168
Passwords47:, Jackson, B.,Huawei169, Huawei@169, Huawei@169, Huawei@169, Huawei@169, Huawei@169, Huawei@169, Huawei@169
Passwords48:, Jackson, B.,Huawei170, Huawei@170, Huawei@170, Huawei@170, Huawei@170, Huawei@170, Huawei@170, Huawei@170
Passwords49:, Jackson, B.,Huawei171, Huawei@171, Huawei@171, Huawei@171, Huawei@171, Huawei@171, Huawei@171, Huawei@171
Passwords50:, Jackson, B.,Huawei172, Huawei@172, Huawei@172, Huawei@172, Huawei@172, Huawei@172, Huawei@172, Huawei@172
Passwords51:, Jackson, B.,Huawei173, Huawei@173, Huawei@173, Huawei@173, Huawei@173, Huawei@173, Huawei@173, Huawei@173
Passwords52:, Jackson, B.,Huawei174, Huawei@174, Huawei@174, Huawei@174, Huawei@174, Huawei@174, Huawei@174, Huawei@174
Passwords53:, Jackson, B.,Huawei175, Huawei@175, Huawei@175, Huawei@175, Huawei@175, Huawei@175, Huawei@175, Huawei@175
Passwords54:, Jackson, B.,Huawei176, Huawei@176, Huawei@176, Huawei@176, Huawei@176, Huawei@176, Huawei@176, Huawei@176
Passwords55:, Jackson, B.,Huawei177, Huawei@177, Huawei@177, Huawei@177, Huawei@177, Huawei@177, Huawei@177, Huawei@177
Passwords56:, Jackson, B.,Huawei178, Huawei@178, Huawei@178, Huawei@178, Huawei@178, Huawei@178, Huawei@178, Huawei@178
Passwords57:, Jackson, B.,Huawei179, Huawei@179, Huawei@179, Huawei@179, Huawei@179, Huawei@179, Huawei@179, Huawei@179
